Time,Biguacu Voltage
0,5.59377553
1.66667E-05,3.772090487
3.33333E-05,1.479490923
0.00005,0.149298705
6.66667E-05,0.795194594
8.33333E-05,3.649244843
0.0001,8.10642674
0.000116667,12.98783947
0.000133333,17.01540511
0.00015,19.31209171
0.000166667,19.73305084
0.000183333,18.898514
0.0002,17.91524211
0.000216667,17.89668667
0.000233333,19.47569208
0.00025,22.51386043
0.000266667,26.14147026
0.000283333,29.13429647
0.0003,30.49509939
0.000316667,30.01111593
0.000333333,28.54511404
0.00035,27.89839023
0.000366667,30.23653708
0.000383333,37.24119402
0.0004,49.27998413
0.000416667,64.91988241
0.000433333,81.02460706
0.00045,93.49355901
0.000466667,98.47489041
0.000483333,93.69490167
0.0005,79.46091509
0.000516667,58.95481149
0.000533333,37.63210453
0.00055,21.82125774
0.000566667,16.89200776
0.000583333,25.53718464
0.0006,46.72375334
0.000616667,75.69970836
0.000633333,105.1369008
0.00065,127.1365996
0.000666667,135.5358911
0.000683333,127.8253261
0.0007,106.0708644
0.000716667,76.51024453
0.000733333,47.88661191
0.00075,28.9717826
0.000766667,25.99571186
0.000783333,40.75087731
0.0008,69.95779515
0.000816667,106.1111424
0.000833333,139.584096
0.00085,161.3862333
0.000866667,165.7660823
0.000883333,151.8879683
0.0009,124.0845099
0.000916667,90.60931796
0.000933333,61.26050115
0.00095,44.57882203
0.000966667,45.44412617
0.000983333,63.76540606
0.001,94.62527265
0.001016667,129.8030016
0.001033333,160.1955784
0.00105,178.4049273
0.001066667,180.7338713
0.001083333,168.0347407
0.0011,145.2149325
0.001116667,119.6086552
0.001133333,98.74932799
0.00115,88.22737084
0.001166667,90.25550891
0.001183333,103.3172402
0.0012,122.927975
0.001216667,143.2034281
0.001233333,158.7079725
0.00125,166.0083715
0.001266667,164.489616
0.001283333,156.2477694
0.0013,145.171562
0.001316667,135.5650814
0.001333333,130.7770514
0.00135,132.2614095
0.001366667,139.3231256
0.001383333,149.5659928
0.0014,159.8357245
0.001416667,167.3122667
0.001433333,170.3879221
0.00145,169.0687109
0.001466667,164.8134667
0.001483333,159.9149932
0.0015,156.6673659
0.001516667,156.6115336
0.001533333,160.0994866
0.00155,166.2907517
0.001566667,173.5419008
0.001583333,180.0231699
0.0016,184.3361455
0.001616667,185.9272566
0.001633333,185.1795648
0.00165,183.1846548
0.001666667,181.3040625
0.001683333,180.6900159
0.0017,181.9318356
0.001716667,184.934083
0.001733333,189.041456
0.00175,193.3381105
0.001766667,196.9958625
0.001783333,199.5423461
0.0018,200.9633528
0.001816667,201.6235184
0.001833333,202.058424
0.00185,202.7337628
0.001866667,203.8698313
0.001883333,205.3943993
0.0019,207.0301625
0.001916667,208.467788
0.001933333,209.543325
0.00195,210.340846
0.001966667,211.1752451
0.001983333,212.4615319
0.002,214.5248778
0.002016667,217.4312163
0.002033333,220.9115601
0.00205,224.4172279
0.002066667,227.2919657
0.002083333,229.0003762
0.0021,229.3280943
0.002116667,228.4771056
0.002133333,227.0167298
0.00215,225.7033568
0.002166667,225.2305317
0.002183333,225.9974177
0.0022,227.9781924
0.002216667,230.7394198
0.002233333,233.5997726
0.00225,235.8757201
0.002266667,237.1262677
0.002283333,237.3104146
0.0023,236.802318
0.002316667,236.259791
0.002333333,236.3935023
0.00235,237.7186885
0.002366667,240.3763359
0.002383333,244.0852321
0.0024,248.2395552
0.002416667,252.1156207
0.002433333,255.1141143
0.00245,256.9534513
0.002466667,257.7489636
0.002483333,257.9540227
0.0025,258.1878304
0.002516667,259.013185
0.002533333,260.7428092
0.00255,263.340155
0.002566667,266.4453223
0.002583333,269.5119977
0.0026,272.0031791
0.002616667,273.5750916
0.002633333,274.1858355
0.00265,274.094444
0.002666667,273.7560045
0.002683333,273.6547417
0.0027,274.1367971
0.002716667,275.3015255
0.002733333,276.9864963
0.00275,278.8463464
0.002766667,280.4922036
0.002783333,281.638447
0.0028,282.2036413
0.002816667,282.3316301
0.002833333,282.3292425
0.00285,282.5473632
0.002866667,283.2513062
0.002883333,284.5280915
0.0029,286.2625591
0.002916667,288.1877407
0.002933333,289.9876784
0.00295,291.412867
0.002966667,292.3658233
0.002983333,292.9272083
0.003,293.3159909
0.003016667,293.801434
0.003033333,294.6012668
0.00305,295.8035917
0.003066667,297.3393733
0.003083333,299.0124177
0.0031,300.5724085
0.003116667,301.8017727
0.003133333,302.5840315
0.00315,302.9303671
0.003166667,302.9583141
0.003183333,302.8348693
0.0032,302.7088647
0.003216667,302.6597215
0.003233333,302.6813569
0.00325,302.7048252
0.003266667,302.6474601
0.003283333,302.4660677
0.0033,302.1908894
0.003316667,301.9256189
0.003333333,301.8130284
0.00335,301.979956
0.003366667,302.4838852
0.003383333,303.2828924
0.0034,304.241646
0.003416667,305.1721249
0.003433333,305.8943105
0.00345,306.2944996
0.003466667,306.3599365
0.003483333,306.1776141
0.0035,305.8986698
0.003516667,305.6825094
0.003533333,305.6417929
0.00355,305.8081996
0.003566667,306.1301835
0.003583333,306.5013357
0.0036,306.8064887
0.003616667,306.9667243
0.003633333,306.9661005
0.00365,306.8512084
0.003666667,306.7060606
0.003683333,306.6145941
0.0037,306.6273562
0.003716667,306.7461601
0.003733333,306.9320304
0.00375,307.1312827
0.003766667,307.3066
0.003783333,307.4578642
0.0038,307.6222155
0.003816667,307.8523609
0.003833333,308.1824843
0.00385,308.597716
0.003866667,309.0229391
0.003883333,309.3394532
0.0039,309.426365
0.003916667,309.2122225
0.003933333,308.7161726
0.00395,308.0597982
0.003966667,307.4406357
0.003983333,307.0727835
0.004,307.1135552
0.004016667,307.6023692
0.004033333,308.4357359
0.00405,309.3905719
0.004066667,310.1910381
0.004083333,310.5978125
0.0041,310.4893449
0.004116667,309.9060229
0.004133333,309.0402485
0.00415,308.174137
0.004166667,307.5852466
0.004183333,307.4526002
0.0042,307.7957764
0.004216667,308.4686166
0.004233333,309.2099978
0.00425,309.7339845
0.004266667,309.8277616
0.004283333,309.4231278
0.0043,308.6169498
0.004316667,307.6343315
0.004333333,306.7486542
0.00435,306.1876685
0.004366667,306.0590932
0.004383333,306.3212798
0.0044,306.8075396
0.004416667,307.2930839
0.004433333,307.5784749
0.00445,307.5584857
0.004466667,307.2519178
0.004483333,306.7834498
0.0045,306.3269226
0.004516667,306.0336116
0.004533333,305.9737303
0.00455,306.1131059
0.004566667,306.3323839
0.004583333,306.4791084
0.0046,306.4303052
0.004616667,306.1396866
0.004633333,305.6505636
0.00465,305.0700643
0.004666667,304.516432
0.004683333,304.0624524
0.0047,303.699831
0.004716667,303.3407973
0.004733333,302.8577008
0.00475,302.1450925
0.004766667,301.1784154
0.004783333,300.0433766
0.0048,298.9207441
0.004816667,298.028792
0.004833333,297.5431391
0.00485,297.5242673
0.004866667,297.8820411
0.004883333,298.3939449
0.0049,298.7739299
0.004916667,298.7691367
0.004933333,298.2499459
0.00495,297.2596725
0.004966667,296.0039019
0.004983333,294.7812135
0.005,293.8788403
0.005016667,293.470441
0.005033333,293.5532413
0.00505,293.9479898
0.005066667,294.3623548
0.005083333,294.4949801
0.0051,294.1421959
0.005116667,293.268201
0.005133333,292.0130193
0.00515,290.6357744
0.005166667,289.415142
0.005183333,288.5450133
0.0052,288.0652103
0.005216667,287.8536765
0.005233333,287.682895
0.00525,287.3183086
0.005266667,286.6198347
0.005283333,285.6057554
0.0053,284.4522939
0.005316667,283.4269698
0.005333333,282.7799949
0.00535,282.6354477
0.005366667,282.9257324
0.005383333,283.3977592
0.0054,283.6926492
0.005416667,283.4724275
0.005433333,282.5479072
0.00545,280.9594138
0.005466667,278.9776571
0.005483333,277.0206014
0.0055,275.5132593
0.005516667,274.7393863
0.005533333,274.7386058
0.00555,275.287409
0.005566667,275.9728688
0.005583333,276.3344138
0.0056,276.0238871
0.005616667,274.9267493
0.005633333,273.2006493
0.00565,271.217048
0.005666667,269.4265373
0.005683333,268.1962004
0.0057,267.6776357
0.005716667,267.7532602
0.005733333,268.0801665
0.00575,268.2154473
0.005766667,267.7774435
0.005783333,266.5845664
0.0058,264.7218234
0.005816667,262.5117224
0.005833333,260.4010223
0.00585,258.8050173
0.005866667,257.9656715
0.005883333,257.8737847
0.0059,258.2810295
0.005916667,258.7944281
0.005933333,259.0160994
0.00595,258.6758688
0.005966667,257.7089839
0.005983333,256.2535163
0.006,254.5732647
0.006016667,252.940029
0.006033333,251.5233618
0.00605,250.3311139
0.006066667,249.2224667
0.006083333,247.985395
0.0061,246.4444192
0.006116667,244.5523934
0.006133333,242.4267182
0.00615,240.313151
0.006166667,238.4902856
0.006183333,237.1528512
0.0062,236.3220619
0.006216667,235.8219483
0.006233333,235.3351773
0.00625,234.5200359
0.006266667,233.1445587
0.006283333,231.1846719
0.0063,228.844936
0.006316667,226.4891589
0.006333333,224.5031845
0.00635,223.1400559
0.006366667,222.4073162
0.006383333,222.0429763
0.0064,221.5948288
0.006416667,220.578827
0.006433333,218.6608181
0.00645,215.7943101
0.006466667,212.260309
0.006483333,208.5894599
0.0065,205.3896156
0.006516667,203.1377625
0.006533333,202.0103665
0.00655,201.8144609
0.006566667,202.0468136
0.006583333,202.0626885
0.0066,201.2957109
0.006616667,199.4510201
0.006633333,196.6026763
0.00665,193.1603679
0.006666667,189.7175989
0.006683333,186.836546
0.0067,184.8477835
0.006716667,183.7374932
0.006733333,183.1624923
0.00675,182.5862597
0.006766667,181.4844972
0.006783333,179.5432122
0.0068,176.775385
0.006816667,173.5129086
0.006833333,170.2773047
0.00685,167.5782648
0.006866667,165.7162755
0.006883333,164.6642078
0.0069,164.0731834
0.006916667,163.4012922
0.006933333,162.1173239
0.00695,159.903085
0.006966667,156.7779479
0.006983333,153.0981455
0.007,149.4302393
0.007016667,146.3455293
0.007033333,144.212077
0.00705,143.0620806
0.007066667,142.5840547
0.007083333,142.2421978
0.0071,141.4772724
0.007116667,139.9125342
0.007133333,137.4865449
0.00715,134.4628944
0.007166667,131.314311
0.007183333,128.5272636
0.0072,126.4042087
0.007216667,124.9419207
0.007233333,123.834997
0.00725,122.6046035
0.007266667,120.8026078
0.007283333,118.2099229
0.0073,114.9478655
0.007316667,111.4534647
0.007333333,108.3223053
0.00735,106.075689
0.007366667,104.9418323
0.007383333,104.7398168
0.0074,104.9190383
0.007416667,104.748461
0.007433333,103.5907136
0.00745,101.158896
0.007466667,97.6543319
0.007483333,93.72319736
0.0075,90.2358528
0.007516667,87.96110097
0.007533333,87.2526735
0.00755,87.8686977
0.007566667,89.00308366
0.007583333,89.53376621
0.0076,88.41220745
0.007616667,85.06088689
0.007633333,79.63313365
0.00765,73.02962711
0.007666667,66.6466039
0.007683333,61.92541438
0.0077,59.848494
0.007716667,60.55530571
0.007733333,63.22099866
0.00775,66.25835045
0.007766667,67.79617514
0.007783333,66.29065473
0.0078,61.07344004
0.007816667,52.65133543
0.007833333,42.64541692
0.00785,33.37010178
0.007866667,27.1688223
0.007883333,25.70457587
0.0079,29.42356623
0.007916667,37.36115128
0.007933333,47.35645584
0.00795,56.61777902
0.007966667,62.47454324
0.007983333,63.09619185
0.008,57.9707112
0.008016667,48.01027675
0.008033333,35.26435089
0.00805,22.33570507
0.008066667,11.67713119
0.008083333,4.972462126
0.0081,2.769828435
0.008116667,4.451903026
0.008133333,8.52505164
0.00815,13.11893348
0.008166667,16.5363713
0.008183333,17.69280031
0.0082,16.33138416
0.008216667,12.97603141
0.008233333,8.664785488
0.00825,4.56612722
0.008266667,1.604644372
0.008283333,0.2066421
0.0083,0.229159942
0.008316667,1.074500309
0.008333333,1.936237508
0.00835,2.087767443
0.008366667,1.119047977
0.008383333,-0.949711796
0.0084,-3.705994152
0.008416667,-6.514571761
0.008433333,-8.758560403
0.00845,-10.07084631
0.008466667,-10.47855002
0.008483333,-10.41010466
0.0085,-10.55708882
0.008516667,-11.62944412
0.008533333,-14.07997796
0.00855,-17.89067552
0.008566667,-22.50263731
0.008583333,-26.93373797
0.0086,-30.07155078
0.008616667,-31.06863096
0.008633333,-29.72131713
0.00865,-26.69871591
0.008666667,-23.51532927
0.008683333,-22.20717744
0.0087,-24.76239999
0.008716667,-32.44759207
0.008733333,-45.23073726
0.00875,-61.50569891
0.008766667,-78.26115825
0.008783333,-91.71813431
0.0088,-98.31458455
0.008816667,-95.78641168
0.008833333,-84.02595349
0.00885,-65.42261007
0.008866667,-44.51078731
0.008883333,-26.94195071
0.0089,-18.00797589
0.008916667,-21.10734177
0.008933333,-36.60653507
0.00895,-61.47576427
0.008966667,-89.87996097
0.008983333,-114.633165
0.009,-129.1553964
0.009016667,-129.3904382
0.009033333,-115.1141251
0.00905,-90.20631647
0.009066667,-61.74347478
0.009083333,-38.11413139
0.0091,-26.66355968
0.009116667,-31.54055944
0.009133333,-52.38986614
0.00915,-84.30796174
0.009166667,-119.118696
0.009183333,-147.6335569
0.0092,-162.2584542
0.009216667,-159.189883
0.009233333,-139.5495878
0.00925,-109.111103
0.009266667,-76.68477506
0.009283333,-51.62588068
0.0093,-41.19194442
0.009316667,-48.51987351
0.009333333,-71.80686881
0.00935,-104.918178
0.009366667,-139.2201267
0.009383333,-166.0781046
0.0094,-179.2745634
0.009416667,-176.6449622
0.009433333,-160.4824118
0.00945,-136.6425558
0.009466667,-112.6693132
0.009483333,-95.54032976
0.0095,-89.71693279
0.009516667,-96.05786524
0.009533333,-111.8662964
0.00955,-131.9821047
0.009566667,-150.5199192
0.009583333,-162.6822232
0.0096,-166.0918545
0.009616667,-161.2745141
0.009633333,-151.2111302
0.00965,-140.1749063
0.009666667,-132.2750452
0.009683333,-130.1883861
0.0097,-134.4624455
0.009716667,-143.5605907
0.009733333,-154.568719
0.00975,-164.2768216
0.009766667,-170.2517462
0.009783333,-171.5529595
0.0098,-168.8896448
0.009816667,-164.2184263
0.009833333,-159.9658428
0.00985,-158.1682718
0.009866667,-159.8240986
0.009883333,-164.656178
0.0099,-171.3274021
0.009916667,-177.9954958
0.009933333,-182.9882263
0.00995,-185.358527
0.009966667,-185.1412345
0.009983333,-183.2510307
0.01,-181.0896277
0.010016667,-180.0240156
0.010033333,-180.9271379
0.01005,-183.932843
0.010066667,-188.4681305
0.010083333,-193.5230041
0.0101,-198.0390994
0.010116667,-201.2686382
0.010133333,-202.9812912
0.01015,-203.4638612
0.010166667,-203.338256
0.010183333,-203.2864665
0.0102,-203.795553
0.010216667,-205.0154584
0.010233333,-206.7692993
0.01025,-208.6925781
0.010266667,-210.4294946
0.010283333,-211.7986632
0.0103,-212.8608395
0.010316667,-213.8672256
0.010333333,-215.1186918
0.01035,-216.8027417
0.010366667,-218.8822983
0.010383333,-221.086606
0.0104,-223.0103862
0.010416667,-224.2812711
0.010433333,-224.7261901
0.01045,-224.4664563
0.010466667,-223.8989631
0.010483333,-223.566003
0.0105,-223.9608508
0.010516667,-225.3428138
0.010533333,-227.6334783
0.01055,-230.4360619
0.010566667,-233.1735221
0.010583333,-235.2960672
0.0106,-236.4821181
0.010616667,-236.7586295
0.010633333,-236.4962551
0.01065,-236.2809271
0.010666667,-236.7087195
0.010683333,-238.1785413
0.0107,-240.7571797
0.010716667,-244.1638505
0.010733333,-247.8772026
0.01075,-251.323248
0.010766667,-254.0743163
0.010783333,-255.986972
0.0108,-257.2311045
0.010816667,-258.203555
0.010833333,-259.3621244
0.01085,-261.0439307
0.010866667,-263.3358828
0.010883333,-266.0437552
0.0109,-268.7685379
0.010916667,-271.0588195
0.010933333,-272.5807331
0.01095,-273.242146
0.010966667,-273.2264322
0.010983333,-272.9257369
0.011,-272.8008566
0.011016667,-273.2208967
0.011033333,-274.3414756
0.01105,-276.0640275
0.011066667,-278.0874696
0.011083333,-280.0292432
0.0111,-281.5683059
0.011116667,-282.5567209
0.011133333,-283.0605623
0.01115,-283.3188986
0.011166667,-283.6406375
0.011183333,-284.2812966
0.0112,-285.3473162
0.011216667,-286.7629458
0.011233333,-288.3094671
0.01125,-289.7186022
0.011266667,-290.7820529
0.011283333,-291.4344417
0.0113,-291.7786797
0.011316667,-292.0458743
0.011333333,-292.5071052
0.01135,-293.3720602
0.011366667,-294.7131808
0.011383333,-296.4427456
0.0114,-298.349091
0.011416667,-300.17543
0.011433333,-301.7092974
0.01145,-302.8481866
0.011466667,-303.6179136
0.011483333,-304.1398943
0.0115,-304.5638603
0.011516667,-304.9955714
0.011533333,-305.4498881
0.01155,-305.8481785
0.011566667,-306.0602626
0.011583333,-305.9725875
0.0116,-305.5534622
0.011616667,-304.8871981
0.011633333,-304.161403
0.01165,-303.6104493
0.011666667,-303.4358222
0.011683333,-303.7336717
0.0117,-304.4576667
0.011716667,-305.4320746
0.011733333,-306.4109896
0.01175,-307.1621866
0.011766667,-307.5448777
0.011783333,-307.5531591
0.0118,-307.3100772
0.011816667,-307.0158651
0.011833333,-306.8708282
0.01185,-307.0021895
0.011866667,-307.4217546
0.011883333,-308.0287262
0.0119,-308.6544433
0.011916667,-309.1300915
0.011933333,-309.3505268
0.01195,-309.3100668
0.011966667,-309.0980511
0.011983333,-308.8581895
0.012,-308.7297086
0.012016667,-308.7946156
0.012033333,-309.0517572
0.01205,-309.4265021
0.012066667,-309.8098286
0.012083333,-310.1085639
0.0121,-310.2843921
0.012116667,-310.3646448
0.012133333,-310.4204993
0.01215,-310.522743
0.012166667,-310.6955962
0.012183333,-310.8907623
0.0122,-310.9959465
0.012216667,-310.877587
0.012233333,-310.4423138
0.01225,-309.692035
0.012266667,-308.7478595
0.012283333,-307.8287079
0.0123,-307.1877033
0.012316667,-307.0267076
0.012333333,-307.4197697
0.01235,-308.2752949
0.012366667,-309.3541799
0.012383333,-310.3412342
0.0124,-310.9472123
0.012416667,-311.0063006
0.012433333,-310.5339591
0.01245,-309.723065
0.012466667,-308.8779248
0.012483333,-308.308153
0.0125,-308.2194161
0.012516667,-308.6399112
0.012533333,-309.4092502
0.01255,-310.2343772
0.012566667,-310.7931549
0.012583333,-310.8490329
0.0126,-310.3360592
0.012616667,-309.3839939
0.012633333,-308.2746641
0.01265,-307.3452251
0.012666667,-306.8727898
0.012683333,-306.9811908
0.0127,-307.6022749
0.012716667,-308.504259
0.012733333,-309.3756315
0.01275,-309.9336162
0.012766667,-310.0182893
0.012783333,-309.6396985
0.0128,-308.9631959
0.012816667,-308.240882
0.012833333,-307.7161778
0.01285,-307.5371812
0.012866667,-307.7097664
0.012883333,-308.1054601
0.0129,-308.5182288
0.012916667,-308.7463504
0.012933333,-308.6671648
0.01295,-308.2765473
0.012966667,-307.6795629
0.012983333,-307.0380823
0.013,-306.4977069
0.013016667,-306.1238645
0.013033333,-305.8727165
0.01305,-305.6083849
0.013066667,-305.1595901
0.013083333,-304.3932423
0.0131,-303.2758381
0.013116667,-301.8981783
0.013133333,-300.4530468
0.01315,-299.1735771
0.013166667,-298.2550934
0.013183333,-297.7894919
0.0132,-297.7363811
0.013216667,-297.9411752
0.013233333,-298.1925712
0.01325,-298.2971849
0.013266667,-298.143144
0.013283333,-297.7293415
0.0133,-297.1508233
0.013316667,-296.5479944
0.013333333,-296.0412826
0.01335,-295.678169
0.013366667,-295.4140909
0.013383333,-295.1347939
0.0134,-294.7107552
0.013416667,-294.0610086
0.013433333,-293.1993729
0.01345,-292.2425445
0.013466667,-291.3743895
0.013483333,-290.7783417
0.0135,-290.5632379
0.013516667,-290.7118128
0.013533333,-291.0736544
0.01355,-291.4082308
0.013566667,-291.4646152
0.013583333,-291.0699463
0.0136,-290.1941481
0.013616667,-288.9659808
0.013633333,-287.632604
0.01365,-286.4753519
0.013666667,-285.7108031
0.013683333,-285.4123487
0.0137,-285.4808592
0.013716667,-285.6759402
0.013733333,-285.6977265
0.01375,-285.2909611
0.013766667,-284.3348522
0.013783333,-282.8869503
0.0138,-281.1653781
0.013816667,-279.4754535
0.013833333,-278.106297
0.01385,-277.2334613
0.013866667,-276.8612862
0.013883333,-276.8245098
0.0139,-276.8477838
0.013916667,-276.6416324
0.013933333,-276.0011313
0.01395,-274.8733463
0.013966667,-273.3711915
0.013983333,-271.7304806
0.014,-270.2266396
0.014016667,-269.0809023
0.014033333,-268.3883445
0.01405,-268.0913149
0.014066667,-268.0052051
0.014083333,-267.8852094
0.0141,-267.5092424
0.014116667,-266.7480134
0.014133333,-265.5993988
0.01415,-264.1779919
0.014166667,-262.6667814
0.014183333,-261.2504793
0.0142,-260.0548675
0.014216667,-259.1124239
0.014233333,-258.3635192
0.01425,-257.689072
0.014266667,-256.9597379
0.014283333,-256.0822309
0.0143,-255.0263826
0.014316667,-253.8253266
0.014333333,-252.5520196
0.01435,-251.2839234
0.014366667,-250.0709721
0.014383333,-248.9190855
0.0144,-247.794047
0.014416667,-246.6418312
0.014433333,-245.4150142
0.01445,-244.0932007
0.014466667,-242.6888688
0.014483333,-241.2369757
0.0145,-239.77402
0.014516667,-238.3169151
0.014533333,-236.8520673
0.01455,-235.340508
0.014566667,-233.7377526
0.014583333,-232.0202687
0.0146,-230.206918
0.014616667,-228.3650332
0.014633333,-226.5964951
0.01465,-225.0070912
0.014666667,-223.6694227
0.014683333,-222.5928831
0.0147,-221.7123586
0.014716667,-220.9009198
0.014733333,-220.0032243
0.01475,-218.8788673
0.014766667,-217.4412973
0.014783333,-215.6795323
0.0148,-213.6561066
0.014816667,-211.4831132
0.014833333,-209.2856971
0.01485,-207.1661504
0.014866667,-205.1805697
0.014883333,-203.334477
0.0149,-201.5961836
0.014916667,-199.9199933
0.014933333,-198.2681968
0.01495,-196.622319
0.014966667,-194.9795176
0.014983333,-193.3370881
0.015,-191.673771
0.015016667,-189.938553
0.015033333,-188.0549773
0.01505,-185.9425734
0.015066667,-183.5493574
0.015083333,-180.8835098
0.0151,-178.0307936
0.015116667,-175.1479467
0.015133333,-172.4301194
0.01515,-170.0597627
0.015166667,-168.1518455
0.015183333,-166.7130699
0.0152,-165.6296102
0.015216667,-164.6896147
0.015233333,-163.6359025
0.01525,-162.2344845
0.015266667,-160.339016
0.015283333,-157.9319298
0.0153,-155.1296898
0.015316667,-152.150259
0.015333333,-149.252176
0.01535,-146.6630538
0.015366667,-144.5183131
0.015383333,-142.8276927
0.0154,-141.4786372
0.015416667,-140.2746753
0.015433333,-138.9966803
0.01545,-137.4684413
0.015466667,-135.6070784
0.015483333,-133.4436501
0.0155,-131.1083388
0.015516667,-128.7851845
0.015533333,-126.6504211
0.01555,-124.8134244
0.015566667,-123.2786559
0.015583333,-121.9408788
0.0156,-120.6159696
0.015616667,-119.0986541
0.015633333,-117.2296817
0.01565,-114.9511001
0.015666667,-112.3308986
0.015683333,-109.5470393
0.0157,-106.8335325
0.015716667,-104.4040569
0.015733333,-102.3775067
0.01575,-100.7314175
0.015766667,-99.3021367
0.015783333,-97.83624959
0.0158,-96.08018116
0.015816667,-93.8797717
0.015833333,-91.25456761
0.01585,-88.41615012
0.015866667,-85.71599442
0.015883333,-83.53195018
0.0159,-82.12605994
0.015916667,-81.52162051
0.015933333,-81.44749491
0.01595,-81.38051376
0.015966667,-80.68606619
0.015983333,-78.82175615
0.016,-75.54125053
0.016016667,-71.02611157
0.016033333,-65.8883593
0.01605,-61.02377822
0.016066667,-57.34543008
0.016083333,-55.47270503
0.0161,-55.4770263
0.016116667,-56.77947723
0.016133333,-58.25621576
0.01615,-58.54406508
0.016166667,-56.47001556
0.016183333,-51.47734087
0.0162,-43.90687718
0.016216667,-35.0234729
0.016233333,-26.74886776
0.01625,-21.15351589
0.016266667,-19.84279977
0.016283333,-23.41963634
0.0163,-31.19733048
0.016316667,-41.27200373
0.016333333,-50.95978432
0.01635,-57.49112392
0.016366667,-58.76887674
0.016383333,-53.96719581
0.0164,-43.78722975
0.016416667,-30.28374269
0.016433333,-16.30519224
0.01645,-4.708571387
0.016466667,2.418732449
0.016483333,4.29849607
0.0165,1.604526944
0.016516667,-3.825604969
0.016533333,-9.60989011
0.01655,-13.5702603
0.016566667,-14.37190014
0.016583333,-11.85668936
0.0166,-6.978756914
0.016616667,-1.38313152
0.016633333,3.214999995
0.01665,5.631904949
