Time,Voltage_Raw,Voltage
0,5.59377553,0.0179790755
1.67E-05,3.772090487,0.01212395801
3.33E-05,1.479490923,0.004755263929
0.00005,0.149298705,0.0004798642124
6.67E-05,0.795194594,0.002555852226
8.33E-05,3.649244843,0.01172911716
0.0001,8.10642674,0.02605504236
0.000116667,12.98783947,0.0417444971
0.000133333,17.01540511,0.05468958335
0.00015,19.31209171,0.06207141367
0.000166667,19.73305084,0.06342442756
0.000183333,18.898514,0.06074212456
0.0002,17.91524211,0.05758176901
0.000216667,17.89668667,0.05752212957
0.000233333,19.47569208,0.06259724517
0.00025,22.51386043,0.07236228809
0.000266667,26.14147026,0.08402186769
0.000283333,29.13429647,0.09364117545
0.0003,30.49509939,0.09801496169
0.000316667,30.01111593,0.09645937993
0.000333333,28.54511404,0.0917474714
0.00035,27.89839023,0.08966882234
0.000366667,30.23653708,0.09718391095
0.000383333,37.24119402,0.1196977311
0.0004,49.27998413,0.158391868
0.000416667,64.91988241,0.2086604049
0.000433333,81.02460706,0.2604229504
0.00045,93.49355901,0.3004996799
0.000466667,98.47489041,0.3165102854
0.000483333,93.69490167,0.3011468197
0.0005,79.46091509,0.2553970541
0.000516667,58.95481149,0.1894879409
0.000533333,37.63210453,0.120954165
0.00055,21.82125774,0.07013617874
0.000566667,16.89200776,0.05429296925
0.000583333,25.53718464,0.08207962014
0.0006,46.72375334,0.150175831
0.000616667,75.69970836,0.2433080778
0.000633333,105.1369008,0.3379227978
0.00065,127.1365996,0.4086325078
0.000666667,135.5358911,0.4356288531
0.000683333,127.8253261,0.4108461586
0.0007,106.0708644,0.3409246705
0.000716667,76.51024453,0.2459132397
0.000733333,47.88661191,0.1539134
0.00075,28.9717826,0.09311883609
0.000766667,25.99571186,0.08355338245
0.000783333,40.75087731,0.1309782804
0.0008,69.95779515,0.2248528698
0.000816667,106.1111424,0.3410541289
0.000833333,139.584096,0.4486402765
0.00085,161.3862333,0.5187149998
0.000866667,165.7660823,0.5327923677
0.000883333,151.8879683,0.4881864198
0.0009,124.0845099,0.39882272
0.000916667,90.60931796,0.291229378
0.000933333,61.26050115,0.1968987081
0.00095,44.57882203,0.1432817607
0.000966667,45.44412617,0.1460629535
0.000983333,63.76540606,0.2049497774
0.001,94.62527265,0.3041371453
0.001016667,129.8030016,0.4172026484
0.001033333,160.1955784,0.51488809
0.00105,178.4049273,0.573415154
0.001066667,180.7338713,0.5809006636
0.001083333,168.0347407,0.5400841119
0.0011,145.2149325,0.4667384705
0.001116667,119.6086552,0.3844367781
0.001133333,98.74932799,0.3173923612
0.00115,88.22737084,0.28357351
0.001166667,90.25550891,0.2900921927
0.001183333,103.3172402,0.3320741871
0.0012,122.927975,0.395105476
0.001216667,143.2034281,0.4602732504
0.001233333,158.7079725,0.5101067436
0.00125,166.0083715,0.5335711146
0.001266667,164.489616,0.5286896496
0.001283333,156.2477694,0.5021993513
0.0013,145.171562,0.4665990724
0.001316667,135.5650814,0.4357226743
0.001333333,130.7770514,0.420333363
0.00135,132.2614095,0.4251042707
0.001366667,139.3231256,0.4478014859
0.001383333,149.5659928,0.4807233079
0.0014,159.8357245,0.5137314758
0.001416667,167.3122667,0.5377619925
0.001433333,170.3879221,0.5476475234
0.00145,169.0687109,0.543407418
0.001466667,164.8134667,0.5297305452
0.001483333,159.9149932,0.513986255
0.0015,156.6673659,0.5035479855
0.001516667,156.6115336,0.5033685337
0.001533333,160.0994866,0.5145792393
0.00155,166.2907517,0.534478719
0.001566667,173.5419008,0.5577847949
0.001583333,180.0231699,0.5786163828
0.0016,184.3361455,0.5924788114
0.001616667,185.9272566,0.5975928361
0.001633333,185.1795648,0.5951896637
0.00165,183.1846548,0.5887777801
0.001666667,181.3040625,0.5827333275
0.001683333,180.6900159,0.580759707
0.0017,181.9318356,0.5847510667
0.001716667,184.934083,0.5944006553
0.001733333,189.041456,0.6076022521
0.00175,193.3381105,0.6214122227
0.001766667,196.9958625,0.6331686829
0.001783333,199.5423461,0.6413533912
0.0018,200.9633528,0.6459206797
0.001816667,201.6235184,0.6480425323
0.001833333,202.058424,0.6494403718
0.00185,202.7337628,0.651610993
0.001866667,203.8698313,0.6552624554
0.001883333,205.3943993,0.6601626026
0.0019,207.0301625,0.6654201446
0.001916667,208.467788,0.670040848
0.001933333,209.543325,0.6734977548
0.00195,210.340846,0.6760610844
0.001966667,211.1752451,0.6787429447
0.001983333,212.4615319,0.682877227
0.002,214.5248778,0.6895090719
0.002016667,217.4312163,0.6988503977
0.002033333,220.9115601,0.7100366463
0.00205,224.4172279,0.7213042894
0.002066667,227.2919657,0.7305440466
0.002083333,229.0003762,0.7360350859
0.0021,229.3280943,0.7370884118
0.002116667,228.4771056,0.7343532305
0.002133333,227.0167298,0.7296594049
0.00215,225.7033568,0.7254380642
0.002166667,225.2305317,0.7239183468
0.002183333,225.9974177,0.7263832118
0.0022,227.9781924,0.7327496628
0.002216667,230.7394198,0.7416245838
0.002233333,233.5997726,0.7508181059
0.00225,235.8757201,0.7581332782
0.002266667,237.1262677,0.7621526904
0.002283333,237.3104146,0.762744561
0.0023,236.802318,0.7611114766
0.002316667,236.259791,0.7593677288
0.002333333,236.3935023,0.7597974932
0.00235,237.7186885,0.764056803
0.002366667,240.3763359,0.7725988052
0.002383333,244.0852321,0.7845196491
0.0024,248.2395552,0.7978721493
0.002416667,252.1156207,0.8103302956
0.002433333,255.1141143,0.8199678191
0.00245,256.9534513,0.8258796721
0.002466667,257.7489636,0.8284365455
0.002483333,257.9540227,0.8290956304
0.0025,258.1878304,0.8298471168
0.002516667,259.013185,0.832499907
0.002533333,260.7428092,0.8380591297
0.00255,263.340155,0.8464073153
0.002566667,266.4453223,0.856387701
0.002583333,269.5119977,0.866244369
0.0026,272.0031791,0.8742513293
0.002616667,273.5750916,0.8793036474
0.002633333,274.1858355,0.8812666527
0.00265,274.094444,0.8809729093
0.002666667,273.7560045,0.8798851235
0.002683333,273.6547417,0.8795596525
0.0027,274.1367971,0.8811090373
0.002716667,275.3015255,0.8848526161
0.002733333,276.9864963,0.8902683174
0.00275,278.8463464,0.896246102
0.002766667,280.4922036,0.9015360874
0.002783333,281.638447,0.9052202533
0.0028,282.2036413,0.9070368565
0.002816667,282.3316301,0.9074482281
0.002833333,282.3292425,0.9074405541
0.00285,282.5473632,0.9081416206
0.002866667,283.2513062,0.9104041791
0.002883333,284.5280915,0.9145079224
0.0029,286.2625591,0.9200827125
0.002916667,288.1877407,0.9262704805
0.002933333,289.9876784,0.9320556994
0.00295,291.412867,0.936636429
0.002966667,292.3658233,0.9396993466
0.002983333,292.9272083,0.9415037063
0.003,293.3159909,0.9427533009
0.003016667,293.801434,0.9443135741
0.003033333,294.6012668,0.9468843341
0.00305,295.8035917,0.9507487527
0.003066667,297.3393733,0.9556849417
0.003083333,299.0124177,0.9610623101
0.0031,300.5724085,0.9660763104
0.003116667,301.8017727,0.9700276366
0.003133333,302.5840315,0.9725419116
0.00315,302.9303671,0.9736550764
0.003166667,302.9583141,0.9737449014
0.003183333,302.8348693,0.9733481348
0.0032,302.7088647,0.9729431407
0.003216667,302.6597215,0.9727851885
0.003233333,302.6813569,0.9728547273
0.00325,302.7048252,0.9729301573
0.003266667,302.6474601,0.9727457788
0.003283333,302.4660677,0.9721627616
0.0033,302.1908894,0.971278305
0.003316667,301.9256189,0.9704256934
0.003333333,301.8130284,0.9700638138
0.00335,301.979956,0.9706003394
0.003366667,302.4838852,0.9722200292
0.003383333,303.2828924,0.9747881356
0.0034,304.241646,0.9778696864
0.003416667,305.1721249,0.9808603588
0.003433333,305.8943105,0.9831815513
0.00345,306.2944996,0.9844678078
0.003466667,306.3599365,0.9846781299
0.003483333,306.1776141,0.9840921235
0.0035,305.8986698,0.9831955626
0.003516667,305.6825094,0.9825007968
0.003533333,305.6417929,0.982369929
0.00355,305.8081996,0.9829047804
0.003566667,306.1301835,0.9839396758
0.003583333,306.5013357,0.9851326042
0.0036,306.8064887,0.9861134031
0.003616667,306.9667243,0.9866284198
0.003633333,306.9661005,0.9866264148
0.00365,306.8512084,0.9862571376
0.003666667,306.7060606,0.9857906149
0.003683333,306.6145941,0.9854966304
0.0037,306.6273562,0.9855376494
0.003716667,306.7461601,0.9859194996
0.003733333,306.9320304,0.9865169094
0.00375,307.1312827,0.9871573305
0.003766667,307.3066,0.9877208217
0.003783333,307.4578642,0.9882070032
0.0038,307.6222155,0.9887352483
0.003816667,307.8523609,0.9894749636
0.003833333,308.1824843,0.9905360204
0.00385,308.597716,0.9918706256
0.003866667,309.0229391,0.9932373445
0.003883333,309.3394532,0.9942546593
0.0039,309.426365,0.9945340044
0.003916667,309.2122225,0.9938457243
0.003933333,308.7161726,0.9922513596
0.00395,308.0597982,0.9901416924
0.003966667,307.4406357,0.9881516287
0.003983333,307.0727835,0.986969307
0.004,307.1135552,0.9871003522
0.004016667,307.6023692,0.9886714599
0.004033333,308.4357359,0.9913500019
0.00405,309.3905719,0.994418961
0.004066667,310.1910381,0.9969917568
0.004083333,310.5978125,0.9982991793
0.0041,310.4893449,0.9979505512
0.004116667,309.9060229,0.9960756833
0.004133333,309.0402485,0.993292979
0.00415,308.174137,0.9905091912
0.004166667,307.5852466,0.9886164257
0.004183333,307.4526002,0.9881900841
0.0042,307.7957764,0.9892930942
0.004216667,308.4686166,0.9914556845
0.004233333,309.2099978,0.9938385739
0.00425,309.7339845,0.9955227309
0.004266667,309.8277616,0.9958241419
0.004283333,309.4231278,0.9945235997
0.0043,308.6169498,0.9919324454
0.004316667,307.6343315,0.9887741906
0.004333333,306.7486542,0.9859275159
0.00435,306.1876685,0.9841244396
0.004366667,306.0590932,0.9837111829
0.004383333,306.3212798,0.9845538826
0.0044,306.8075396,0.9861167808
0.004416667,307.2930839,0.9876773793
0.004433333,307.5784749,0.9885946607
0.00445,307.5584857,0.988530413
0.004466667,307.2519178,0.9875450664
0.004483333,306.7834498,0.9860393532
0.0045,306.3269226,0.9845720192
0.004516667,306.0336116,0.983629282
0.004533333,305.9737303,0.9834368162
0.00455,306.1131059,0.9838847863
0.004566667,306.3323839,0.9845895725
0.004583333,306.4791084,0.9850611629
0.0046,306.4303052,0.9849043035
0.004616667,306.1396866,0.9839702199
0.004633333,305.6505636,0.9823981191
0.00465,305.0700643,0.9805323237
0.004666667,304.516432,0.978752882
0.004683333,304.0624524,0.9772937363
0.0047,303.699831,0.976128227
0.004716667,303.3407973,0.974974249
0.004733333,302.8577008,0.973421518
0.00475,302.1450925,0.9711311082
0.004766667,301.1784154,0.9680240903
0.004783333,300.0433766,0.9643759375
0.0048,298.9207441,0.96076766
0.004816667,298.028792,0.9579008173
0.004833333,297.5431391,0.9563398698
0.00485,297.5242673,0.9562792135
0.004866667,297.8820411,0.9574291421
0.004883333,298.3939449,0.9590744632
0.0049,298.7739299,0.9602957812
0.004916667,298.7691367,0.9602803753
0.004933333,298.2499459,0.9586116329
0.00495,297.2596725,0.9554287736
0.004966667,296.0039019,0.9513925741
0.004983333,294.7812135,0.9474627047
0.005,293.8788403,0.9445623674
0.005016667,293.470441,0.9432497223
0.005033333,293.5532413,0.9435158526
0.00505,293.9479898,0.9447846223
0.005066667,294.3623548,0.9461164418
0.005083333,294.4949801,0.9465427157
0.0051,294.1421959,0.9454088243
0.005116667,293.268201,0.9425996983
0.005133333,292.0130193,0.9385653916
0.00515,290.6357744,0.9341387588
0.005166667,289.415142,0.9302154977
0.005183333,288.5450133,0.9274187981
0.0052,288.0652103,0.9258766529
0.005216667,287.8536765,0.9251967575
0.005233333,287.682895,0.9246478449
0.00525,287.3183086,0.9234760199
0.005266667,286.6198347,0.9212310397
0.005283333,285.6057554,0.9179716654
0.0053,284.4522939,0.9142642997
0.005316667,283.4269698,0.9109687833
0.005333333,282.7799949,0.9088893272
0.00535,282.6354477,0.9084247349
0.005366667,282.9257324,0.9093577452
0.005383333,283.3977592,0.9108748968
0.0054,283.6926492,0.9118227092
0.005416667,283.4724275,0.9111148898
0.005433333,282.5479072,0.9081433691
0.00545,280.9594138,0.9030377579
0.005466667,278.9776571,0.8966681506
0.005483333,277.0206014,0.8903779354
0.0055,275.5132593,0.8855331544
0.005516667,274.7393863,0.8830458323
0.005533333,274.7386058,0.8830433237
0.00555,275.287409,0.884807244
0.005566667,275.9728688,0.8870103952
0.005583333,276.3344138,0.8881724449
0.0056,276.0238871,0.8871743743
0.005616667,274.9267493,0.8836480398
0.005633333,273.2006493,0.8781001443
0.00565,271.217048,0.8717246082
0.005666667,269.4265373,0.8659696889
0.005683333,268.1962004,0.8620152363
0.0057,267.6776357,0.8603485063
0.005716667,267.7532602,0.8605915726
0.005733333,268.0801665,0.8616422892
0.00575,268.2154473,0.8620770982
0.005766667,267.7774435,0.8606693007
0.005783333,266.5845664,0.8568352485
0.0058,264.7218234,0.8508481657
0.005816667,262.5117224,0.843744632
0.005833333,260.4010223,0.836960585
0.00585,258.8050173,0.8318308306
0.005866667,257.9656715,0.829133071
0.005883333,257.8737847,0.8288377357
0.0059,258.2810295,0.8301466701
0.005916667,258.7944281,0.8317967956
0.005933333,259.0160994,0.8325092742
0.00595,258.6758688,0.8314157316
0.005966667,257.7089839,0.8283080459
0.005983333,256.2535163,0.8236299958
0.006,254.5732647,0.8182294626
0.006016667,252.940029,0.8129800443
0.006033333,251.5233618,0.8084267034
0.00605,250.3311139,0.8045946735
0.006066667,249.2224667,0.8010313465
0.006083333,247.985395,0.7970552475
0.0061,246.4444192,0.7921023636
0.006116667,244.5523934,0.7860211624
0.006133333,242.4267182,0.7791889835
0.00615,240.313151,0.7723957213
0.006166667,238.4902856,0.76653681
0.006183333,237.1528512,0.762238133
0.0062,236.3220619,0.7595678751
0.006216667,235.8219483,0.7579604491
0.006233333,235.3351773,0.7563959078
0.00625,234.5200359,0.7537759441
0.006266667,233.1445587,0.749354993
0.006283333,231.1846719,0.7430556782
0.0063,228.844936,0.7355354822
0.006316667,226.4891589,0.7279637278
0.006333333,224.5031845,0.7215805644
0.00635,223.1400559,0.7171993031
0.006366667,222.4073162,0.7148441885
0.006383333,222.0429763,0.7136731557
0.0064,221.5948288,0.7122327551
0.006416667,220.578827,0.7089672016
0.006433333,218.6608181,0.7028024875
0.00645,215.7943101,0.6935891819
0.006466667,212.260309,0.6822304721
0.006483333,208.5894599,0.6704319163
0.0065,205.3896156,0.6601472272
0.006516667,203.1377625,0.6529094972
0.006533333,202.0103665,0.6492859092
0.00655,201.8144609,0.6486562447
0.006566667,202.0468136,0.6494030546
0.006583333,202.0626885,0.6494540785
0.0066,201.2957109,0.6469889191
0.006616667,199.4510201,0.6410598583
0.006633333,196.6026763,0.6319049346
0.00665,193.1603679,0.6208409364
0.006666667,189.7175989,0.6097754577
0.006683333,186.836546,0.600515403
0.0067,184.8477835,0.5941232782
0.006716667,183.7374932,0.59055467
0.006733333,183.1624923,0.5887065471
0.00675,182.5862597,0.5868544654
0.006766667,181.4844972,0.5833132666
0.006783333,179.5432122,0.5770737403
0.0068,176.775385,0.5681776067
0.006816667,173.5129086,0.5576916104
0.006833333,170.2773047,0.5472919856
0.00685,167.5782648,0.5386169428
0.006866667,165.7162755,0.5326322825
0.006883333,164.6642078,0.5292508089
0.0069,164.0731834,0.5273511845
0.006916667,163.4012922,0.5251916444
0.006933333,162.1173239,0.521064814
0.00695,159.903085,0.5139479806
0.006966667,156.7779479,0.5039034095
0.006983333,153.0981455,0.4920760767
0.007,149.4302393,0.4802869797
0.007016667,146.3455293,0.4703723462
0.007033333,144.212077,0.4635151708
0.00705,143.0620806,0.4598189424
0.007066667,142.5840547,0.4582825089
0.007083333,142.2421978,0.4571837393
0.0071,141.4772724,0.4547251759
0.007116667,139.9125342,0.4496959168
0.007133333,137.4865449,0.4418984919
0.00715,134.4628944,0.4321801111
0.007166667,131.314311,0.4220601808
0.007183333,128.5272636,0.4131022712
0.0072,126.4042087,0.4062785143
0.007216667,124.9419207,0.4015785426
0.007233333,123.834997,0.3980207551
0.00725,122.6046035,0.3940661206
0.007266667,120.8026078,0.3882742871
0.007283333,118.2099229,0.3799410822
0.0073,114.9478655,0.3694564326
0.007316667,111.4534647,0.3582250031
0.007333333,108.3223053,0.3481610756
0.00735,106.075689,0.3409401773
0.007366667,104.9418323,0.3372958239
0.007383333,104.7398168,0.3366465215
0.0074,104.9190383,0.3372225612
0.007416667,104.748461,0.336674305
0.007433333,103.5907136,0.3329531639
0.00745,101.158896,0.3251370061
0.007466667,97.6543319,0.3138729104
0.007483333,93.72319736,0.3012377655
0.0075,90.2358528,0.2900290156
0.007516667,87.96110097,0.2827176863
0.007533333,87.2526735,0.2804407141
0.00755,87.8686977,0.2824206909
0.007566667,89.00308366,0.2860667455
0.007583333,89.53376621,0.2877724238
0.0076,88.41220745,0.2841675974
0.007616667,85.06088689,0.2733960452
0.007633333,79.63313365,0.2559505855
0.00765,73.02962711,0.2347261116
0.007666667,66.6466039,0.214210298
0.007683333,61.92541438,0.1990358202
0.0077,59.848494,0.1923603452
0.007716667,60.55530571,0.1946321241
0.007733333,63.22099866,0.2031999858
0.00775,66.25835045,0.2129624042
0.007766667,67.79617514,0.2179051599
0.007783333,66.29065473,0.213066234
0.0078,61.07344004,0.1962974709
0.007816667,52.65133543,0.1692278015
0.007833333,42.64541692,0.1370675613
0.00785,33.37010178,0.1072555694
0.007866667,27.1688223,0.08732390221
0.007883333,25.70457587,0.08261763593
0.0079,29.42356623,0.09457092367
0.007916667,37.36115128,0.1200832883
0.007933333,47.35645584,0.1522094139
0.00795,56.61777902,0.181976434
0.007966667,62.47454324,0.2008007872
0.007983333,63.09619185,0.2027988415
0.008,57.9707112,0.1863249227
0.008016667,48.01027675,0.1543108739
0.008033333,35.26435089,0.1133439166
0.00805,22.33570507,0.07178967508
0.008066667,11.67713119,0.03753172113
0.008083333,4.972462126,0.01598209858
0.0081,2.769828435,0.008902565769
0.008116667,4.451903026,0.01430895827
0.008133333,8.52505164,0.02740055375
0.00815,13.11893348,0.04216584921
0.008166667,16.5363713,0.05314991037
0.008183333,17.69280031,0.05686681399
0.0082,16.33138416,0.05249105675
0.008216667,12.97603141,0.04170654456
0.008233333,8.664785488,0.02784967535
0.00825,4.56612722,0.01467608873
0.008266667,1.604644372,0.005157522349
0.008283333,0.2066421,0.0006641728645
0.0083,0.229159942,0.0007365479498
0.008316667,1.074500309,0.003453574795
0.008333333,1.936237508,0.006223303054
0.00835,2.087767443,0.006710338711
0.008366667,1.119047977,0.003596756423
0.008383333,-0.949711796,-0.003052489323
0.0084,-3.705994152,-0.01191151635
0.008416667,-6.514571761,-0.02093862668
0.008433333,-8.758560403,-0.02815107934
0.00845,-10.07084631,-0.03236892599
0.008466667,-10.47855002,-0.03367933535
0.008483333,-10.41010466,-0.03345934363
0.0085,-10.55708882,-0.03393176861
0.008516667,-11.62944412,-0.03737844908
0.008533333,-14.07997796,-0.04525476316
0.00855,-17.89067552,-0.057502809
0.008566667,-22.50263731,-0.07232621562
0.008583333,-26.93373797,-0.08656831255
0.0086,-30.07155078,-0.0966536249
0.008616667,-31.06863096,-0.09985836197
0.008633333,-29.72131713,-0.09552793131
0.00865,-26.69871591,-0.08581292304
0.008666667,-23.51532927,-0.07558113086
0.008683333,-22.20717744,-0.07137657163
0.0087,-24.76239999,-0.07958936796
0.008716667,-32.44759207,-0.1042905108
0.008733333,-45.23073726,-0.1453770956
0.00875,-61.50569891,-0.1976868035
0.008766667,-78.26115825,-0.2515408896
0.008783333,-91.71813431,-0.2947932488
0.0088,-98.31458455,-0.3159950428
0.008816667,-95.78641168,-0.3078691875
0.008833333,-84.02595349,-0.2700696432
0.00885,-65.42261007,-0.2102762328
0.008866667,-44.51078731,-0.1430630888
0.008883333,-26.94195071,-0.0865947093
0.0089,-18.00797589,-0.05787982667
0.008916667,-21.10734177,-0.0678415659
0.008933333,-36.60653507,-0.1176578599
0.00895,-61.47576427,-0.19759059
0.008966667,-89.87996097,-0.2888851359
0.008983333,-114.633165,-0.3684449469
0.009,-129.1553964,-0.4151211665
0.009016667,-129.3904382,-0.4158766194
0.009033333,-115.1141251,-0.3699908112
0.00905,-90.20631647,-0.2899340822
0.009066667,-61.74347478,-0.1984510441
0.009083333,-38.11413139,-0.122503458
0.0091,-26.66355968,-0.08569992664
0.009116667,-31.54055944,-0.1013751976
0.009133333,-52.38986614,-0.1683874073
0.00915,-84.30796174,-0.2709760521
0.009166667,-119.118696,-0.3828619896
0.009183333,-147.6335569,-0.4745122237
0.0092,-162.2584542,-0.521518424
0.009216667,-159.189883,-0.5116556626
0.009233333,-139.5495878,-0.4485293629
0.00925,-109.111103,-0.3506963674
0.009266667,-76.68477506,-0.2464742021
0.009283333,-51.62588068,-0.1659318651
0.0093,-41.19194442,-0.1323959238
0.009316667,-48.51987351,-0.1559487799
0.009333333,-71.80686881,-0.2307960176
0.00935,-104.918178,-0.3372197961
0.009366667,-139.2201267,-0.4474704349
0.009383333,-166.0781046,-0.5337952453
0.0094,-179.2745634,-0.5762102703
0.009416667,-176.6449622,-0.567758412
0.009433333,-160.4824118,-0.5158100075
0.00945,-136.6425558,-0.4391858082
0.009466667,-112.6693132,-0.3621328882
0.009483333,-95.54032976,-0.3070782502
0.0095,-89.71693279,-0.2883611435
0.009516667,-96.05786524,-0.3087416723
0.009533333,-111.8662964,-0.3595518944
0.00955,-131.9821047,-0.424206551
0.009566667,-150.5199192,-0.4837893435
0.009583333,-162.6822232,-0.5228804691
0.0096,-166.0918545,-0.5338394392
0.009616667,-161.2745141,-0.5183559207
0.009633333,-151.2111302,-0.4860109798
0.00965,-140.1749063,-0.4505392127
0.009666667,-132.2750452,-0.4251480975
0.009683333,-130.1883861,-0.4184413211
0.0097,-134.4624455,-0.4321786683
0.009716667,-143.5605907,-0.4614212145
0.009733333,-154.568719,-0.4968026789
0.00975,-164.2768216,-0.5280057025
0.009766667,-170.2517462,-0.5472098375
0.009783333,-171.5529595,-0.5513920954
0.0098,-168.8896448,-0.5428318778
0.009816667,-164.2184263,-0.5278180129
0.009833333,-159.9658428,-0.5141496918
0.00985,-158.1682718,-0.5083720798
0.009866667,-159.8240986,-0.5136941087
0.009883333,-164.656178,-0.5292250001
0.0099,-171.3274021,-0.5506671265
0.009916667,-177.9954958,-0.5720991914
0.009933333,-182.9882263,-0.588146435
0.00995,-185.358527,-0.59576487
0.009966667,-185.1412345,-0.5950664654
0.009983333,-183.2510307,-0.5889911203
0.01,-181.0896277,-0.582044108
0.010016667,-180.0240156,-0.5786191009
0.010033333,-180.9271379,-0.581521846
0.01005,-183.932843,-0.591182548
0.010066667,-188.4681305,-0.6057595142
0.010083333,-193.5230041,-0.6220064932
0.0101,-198.0390994,-0.6365217733
0.010116667,-201.2686382,-0.6469019041
0.010133333,-202.9812912,-0.6524065794
0.01015,-203.4638612,-0.6539576181
0.010166667,-203.338256,-0.6535539077
0.010183333,-203.2864665,-0.6533874499
0.0102,-203.795553,-0.6550237159
0.010216667,-205.0154584,-0.6589446404
0.010233333,-206.7692993,-0.6645816985
0.01025,-208.6925781,-0.6707633507
0.010266667,-210.4294946,-0.6763460118
0.010283333,-211.7986632,-0.6807466863
0.0103,-212.8608395,-0.6841606503
0.010316667,-213.8672256,-0.6873952977
0.010333333,-215.1186918,-0.6914176624
0.01035,-216.8027417,-0.6968304038
0.010366667,-218.8822983,-0.7035143519
0.010383333,-221.086606,-0.7105992651
0.0104,-223.0103862,-0.7167825289
0.010416667,-224.2812711,-0.7208673077
0.010433333,-224.7261901,-0.7222973315
0.01045,-224.4664563,-0.7214625154
0.010466667,-223.8989631,-0.7196385232
0.010483333,-223.566003,-0.7185683489
0.0105,-223.9608508,-0.7198374378
0.010516667,-225.3428138,-0.7242792351
0.010533333,-227.6334783,-0.7316417097
0.01055,-230.4360619,-0.7406495545
0.010566667,-233.1735221,-0.7494480849
0.010583333,-235.2960672,-0.7562702032
0.0106,-236.4821181,-0.7600823152
0.010616667,-236.7586295,-0.7609710565
0.010633333,-236.4962551,-0.7601277532
0.01065,-236.2809271,-0.7594356628
0.010666667,-236.7087195,-0.7608106397
0.010683333,-238.1785413,-0.7655348258
0.0107,-240.7571797,-0.7738228836
0.010716667,-244.1638505,-0.7847723382
0.010733333,-247.8772026,-0.7967075039
0.01075,-251.323248,-0.8077835133
0.010766667,-254.0743163,-0.8166257817
0.010783333,-255.986972,-0.82277329
0.0108,-257.2311045,-0.8267720833
0.010816667,-258.203555,-0.8298976576
0.010833333,-259.3621244,-0.8336214407
0.01085,-261.0439307,-0.8390269708
0.010866667,-263.3358828,-0.8463935839
0.010883333,-266.0437552,-0.8550970154
0.0109,-268.7685379,-0.8638547987
0.010916667,-271.0588195,-0.8712160426
0.010933333,-272.5807331,-0.8761076582
0.01095,-273.242146,-0.8782335197
0.010966667,-273.2264322,-0.8781830137
0.010983333,-272.9257369,-0.8772165424
0.011,-272.8008566,-0.8768151619
0.011016667,-273.2208967,-0.8781652219
0.011033333,-274.3414756,-0.8817668989
0.01105,-276.0640275,-0.8873033904
0.011066667,-278.0874696,-0.8938069796
0.011083333,-280.0292432,-0.9000480764
0.0111,-281.5683059,-0.9049948112
0.011116667,-282.5567209,-0.9081716974
0.011133333,-283.0605623,-0.9097911049
0.01115,-283.3188986,-0.9106214293
0.011166667,-283.6406375,-0.9116555373
0.011183333,-284.2812966,-0.9137146936
0.0112,-285.3473162,-0.9171410104
0.011216667,-286.7629458,-0.9216910162
0.011233333,-288.3094671,-0.9266617239
0.01125,-289.7186022,-0.9311908557
0.011266667,-290.7820529,-0.9346089157
0.011283333,-291.4344417,-0.9367057727
0.0113,-291.7786797,-0.9378121956
0.011316667,-292.0458743,-0.9386709915
0.011333333,-292.5071052,-0.9401534438
0.01135,-293.3720602,-0.9429335144
0.011366667,-294.7131808,-0.9472440393
0.011383333,-296.4427456,-0.9528030711
0.0114,-298.349091,-0.9589302973
0.011416667,-300.17543,-0.9648003732
0.011433333,-301.7092974,-0.9697304097
0.01145,-302.8481866,-0.9733909382
0.011466667,-303.6179136,-0.9758649345
0.011483333,-304.1398943,-0.977542644
0.0115,-304.5638603,-0.9789053224
0.011516667,-304.9955714,-0.9802928944
0.011533333,-305.4498881,-0.9817531236
0.01155,-305.8481785,-0.9830332774
0.011566667,-306.0602626,-0.9837149415
0.011583333,-305.9725875,-0.9834331431
0.0116,-305.5534622,-0.9820860233
0.011616667,-304.8871981,-0.9799445694
0.011633333,-304.161403,-0.9776117756
0.01165,-303.6104493,-0.9758409434
0.011666667,-303.4358222,-0.9752796706
0.011683333,-303.7336717,-0.9762369952
0.0117,-304.4576667,-0.9785640032
0.011716667,-305.4320746,-0.9816958688
0.011733333,-306.4109896,-0.9848422208
0.01175,-307.1621866,-0.9872566594
0.011766667,-307.5448777,-0.9884866752
0.011783333,-307.5531591,-0.9885132926
0.0118,-307.3100772,-0.9877319978
0.011816667,-307.0158651,-0.9867863643
0.011833333,-306.8708282,-0.986320198
0.01185,-307.0021895,-0.9867424092
0.011866667,-307.4217546,-0.9880909426
0.011883333,-308.0287262,-0.9900418232
0.0119,-308.6544433,-0.9920529541
0.011916667,-309.1300915,-0.9935817453
0.011933333,-309.3505268,-0.9942902512
0.01195,-309.3100668,-0.9941602078
0.011966667,-309.0980511,-0.9934787636
0.011983333,-308.8581895,-0.9927078192
0.012,-308.7297086,-0.9922948659
0.012016667,-308.7946156,-0.9925034849
0.012033333,-309.0517572,-0.9933299693
0.01205,-309.4265021,-0.9945344451
0.012066667,-309.8098286,-0.9957665031
0.012083333,-310.1085639,-0.9967266747
0.0121,-310.2843921,-0.997291808
0.012116667,-310.3646448,-0.9975497499
0.012133333,-310.4204993,-0.9977292731
0.01215,-310.522743,-0.9980578968
0.012166667,-310.6955962,-0.998613468
0.012183333,-310.8907623,-0.9992407556
0.0122,-310.9959465,-0.9995788304
0.012216667,-310.877587,-0.9991984086
0.012233333,-310.4423138,-0.9977993875
0.01225,-309.692035,-0.9953879001
0.012266667,-308.7478595,-0.9923532051
0.012283333,-307.8287079,-0.98939894
0.0123,-307.1877033,-0.9873386732
0.012316667,-307.0267076,-0.9868212134
0.012333333,-307.4197697,-0.9880845628
0.01235,-308.2752949,-0.990834325
0.012366667,-309.3541799,-0.9943019927
0.012383333,-310.3412342,-0.9974745054
0.0124,-310.9472123,-0.9994221928
0.012416667,-311.0063006,-0.9996121098
0.012433333,-310.5339591,-0.9980939467
0.01245,-309.723065,-0.9954876343
0.012466667,-308.8779248,-0.9927712508
0.012483333,-308.308153,-0.9909399349
0.0125,-308.2194161,-0.9906547237
0.012516667,-308.6399112,-0.9920062462
0.012533333,-309.4092502,-0.9944789954
0.01255,-310.2343772,-0.997131054
0.012566667,-310.7931549,-0.9989270335
0.012583333,-310.8490329,-0.9991066322
0.0126,-310.3360592,-0.9974578723
0.012616667,-309.3839939,-0.9943978185
0.012633333,-308.2746641,-0.9908322975
0.01265,-307.3452251,-0.9878449674
0.012666667,-306.8727898,-0.9863265029
0.012683333,-306.9811908,-0.9866749169
0.0127,-307.6022749,-0.9886711568
0.012716667,-308.504259,-0.9915702435
0.012733333,-309.3756315,-0.9943709408
0.01275,-309.9336162,-0.9961643715
0.012766667,-310.0182893,-0.9964365212
0.012783333,-309.6396985,-0.9952196842
0.0128,-308.9631959,-0.9930453225
0.012816667,-308.240882,-0.9907237177
0.012833333,-307.7161778,-0.9890372546
0.01285,-307.5371812,-0.9884619377
0.012866667,-307.7097664,-0.9890166475
0.012883333,-308.1054601,-0.9902884553
0.0129,-308.5182288,-0.9916151441
0.012916667,-308.7463504,-0.9923483547
0.012933333,-308.6671648,-0.9920938425
0.01295,-308.2765473,-0.9908383503
0.012966667,-307.6795629,-0.9889195698
0.012983333,-307.0380823,-0.9868577731
0.013,-306.4977069,-0.9851209408
0.013016667,-306.1238645,-0.9839193658
0.013033333,-305.8727165,-0.9831121455
0.01305,-305.6083849,-0.9822625516
0.013066667,-305.1595901,-0.9808200705
0.013083333,-304.3932423,-0.9783569354
0.0131,-303.2758381,-0.9747654622
0.013116667,-301.8981783,-0.9703374959
0.013133333,-300.4530468,-0.9656926674
0.01315,-299.1735771,-0.961580296
0.013166667,-298.2550934,-0.9586281776
0.013183333,-297.7894919,-0.9571316777
0.0132,-297.7363811,-0.9569609731
0.013216667,-297.9411752,-0.9576192063
0.013233333,-298.1925712,-0.9584272236
0.01325,-298.2971849,-0.9587634648
0.013266667,-298.143144,-0.9582683586
0.013283333,-297.7293415,-0.956938347
0.0133,-297.1508233,-0.955078919
0.013316667,-296.5479944,-0.9531413536
0.013333333,-296.0412826,-0.9515127202
0.01335,-295.678169,-0.9503456289
0.013366667,-295.4140909,-0.9494968497
0.013383333,-295.1347939,-0.9485991551
0.0134,-294.7107552,-0.9472362431
0.013416667,-294.0610086,-0.9451478785
0.013433333,-293.1993729,-0.9423784764
0.01345,-292.2425445,-0.9393031135
0.013466667,-291.3743895,-0.9365127576
0.013483333,-290.7783417,-0.9345969874
0.0135,-290.5632379,-0.9339056176
0.013516667,-290.7118128,-0.9343831555
0.013533333,-291.0736544,-0.9355461584
0.01355,-291.4082308,-0.9366215277
0.013566667,-291.4646152,-0.936802754
0.013583333,-291.0699463,-0.9355342401
0.0136,-290.1941481,-0.9327193181
0.013616667,-288.9659808,-0.9287718389
0.013633333,-287.632604,-0.9244862035
0.01365,-286.4753519,-0.9207666544
0.013666667,-285.7108031,-0.9183093015
0.013683333,-285.4123487,-0.9173500327
0.0137,-285.4808592,-0.9175702338
0.013716667,-285.6759402,-0.9181972479
0.013733333,-285.6977265,-0.9182672717
0.01375,-285.2909611,-0.9169598782
0.013766667,-284.3348522,-0.9138868278
0.013783333,-282.8869503,-0.9092330948
0.0138,-281.1653781,-0.9036997522
0.013816667,-279.4754535,-0.8982681288
0.013833333,-278.106297,-0.8938674932
0.01385,-277.2334613,-0.891062093
0.013866667,-276.8612862,-0.8898658769
0.013883333,-276.8245098,-0.8897476731
0.0139,-276.8477838,-0.8898224786
0.013916667,-276.6416324,-0.8891598829
0.013933333,-276.0011313,-0.8871012344
0.01395,-274.8733463,-0.8834763961
0.013966667,-273.3711915,-0.8786482877
0.013983333,-271.7304806,-0.8733748431
0.014,-270.2266396,-0.8685413151
0.014016667,-269.0809023,-0.8648587759
0.014033333,-268.3883445,-0.8626328109
0.01405,-268.0913149,-0.8616781216
0.014066667,-268.0052051,-0.8614013542
0.014083333,-267.8852094,-0.8610156734
0.0141,-267.5092424,-0.8598072697
0.014116667,-266.7480134,-0.857360587
0.014133333,-265.5993988,-0.8536687999
0.01415,-264.1779919,-0.8491002251
0.014166667,-262.6667814,-0.8442430105
0.014183333,-261.2504793,-0.8396908432
0.0142,-260.0548675,-0.8358480013
0.014216667,-259.1124239,-0.8328188729
0.014233333,-258.3635192,-0.830411802
0.01425,-257.689072,-0.8282440466
0.014266667,-256.9597379,-0.825899878
0.014283333,-256.0822309,-0.8230794637
0.0143,-255.0263826,-0.8196858387
0.014316667,-253.8253266,-0.8158254985
0.014333333,-252.5520196,-0.8117329348
0.01435,-251.2839234,-0.8076571193
0.014366667,-250.0709721,-0.8037585461
0.014383333,-248.9190855,-0.8000562424
0.0144,-247.794047,-0.7964402317
0.014416667,-246.6418312,-0.7927368698
0.014433333,-245.4150142,-0.7887937307
0.01445,-244.0932007,-0.7845452612
0.014466667,-242.6888688,-0.7800315675
0.014483333,-241.2369757,-0.7753650063
0.0145,-239.77402,-0.7706628886
0.014516667,-238.3169151,-0.7659795761
0.014533333,-236.8520673,-0.7612713769
0.01455,-235.340508,-0.7564130413
0.014566667,-233.7377526,-0.7512615904
0.014583333,-232.0202687,-0.745741388
0.0146,-230.206918,-0.7399130582
0.014616667,-228.3650332,-0.7339930162
0.014633333,-226.5964951,-0.7283087194
0.01465,-225.0070912,-0.7232001818
0.014666667,-223.6694227,-0.7189007524
0.014683333,-222.5928831,-0.7154406231
0.0147,-221.7123586,-0.7126105102
0.014716667,-220.9009198,-0.7100024471
0.014733333,-220.0032243,-0.7071171445
0.01475,-218.8788673,-0.7035033242
0.014766667,-217.4412973,-0.6988827992
0.014783333,-215.6795323,-0.6932202721
0.0148,-213.6561066,-0.6867167355
0.014816667,-211.4831132,-0.6797324702
0.014833333,-209.2856971,-0.6726697074
0.01485,-207.1661504,-0.6658572263
0.014866667,-205.1805697,-0.6594753282
0.014883333,-203.334477,-0.6535417615
0.0149,-201.5961836,-0.6479546749
0.014916667,-199.9199933,-0.6425671953
0.014933333,-198.2681968,-0.6372581202
0.01495,-196.622319,-0.6319680686
0.014966667,-194.9795176,-0.6266879049
0.014983333,-193.3370881,-0.6214089366
0.015,-191.673771,-0.616062833
0.015016667,-189.938553,-0.6104856311
0.015033333,-188.0549773,-0.6044315895
0.01505,-185.9425734,-0.5976420662
0.015066667,-183.5493574,-0.5899499786
0.015083333,-180.8835098,-0.5813816199
0.0151,-178.0307936,-0.5722126428
0.015116667,-175.1479467,-0.5629468219
0.015133333,-172.4301194,-0.5542113941
0.01515,-170.0597627,-0.5465927791
0.015166667,-168.1518455,-0.540460501
0.015183333,-166.7130699,-0.5358361011
0.0152,-165.6296102,-0.5323537297
0.015216667,-164.6896147,-0.5293324698
0.015233333,-163.6359025,-0.5259457105
0.01525,-162.2344845,-0.5214413824
0.015266667,-160.339016,-0.5153491159
0.015283333,-157.9319298,-0.5076124479
0.0153,-155.1296898,-0.4986057074
0.015316667,-152.150259,-0.4890294541
0.015333333,-149.252176,-0.4797146625
0.01535,-146.6630538,-0.4713929086
0.015366667,-144.5183131,-0.4644994509
0.015383333,-142.8276927,-0.4590655911
0.0154,-141.4786372,-0.4547295625
0.015416667,-140.2746753,-0.4508598824
0.015433333,-138.9966803,-0.4467522509
0.01545,-137.4684413,-0.4418403047
0.015466667,-135.6070784,-0.4358576578
0.015483333,-133.4436501,-0.4289041359
0.0155,-131.1083388,-0.4213981611
0.015516667,-128.7851845,-0.4139312603
0.015533333,-126.6504211,-0.4070698709
0.01555,-124.8134244,-0.4011655399
0.015566667,-123.2786559,-0.3962326071
0.015583333,-121.9408788,-0.3919328287
0.0156,-120.6159696,-0.3876744092
0.015616667,-119.0986541,-0.3827975725
0.015633333,-117.2296817,-0.3767904677
0.01565,-114.9511001,-0.369466829
0.015666667,-112.3308986,-0.3610451824
0.015683333,-109.5470393,-0.3520975198
0.0157,-106.8335325,-0.3433759786
0.015716667,-104.4040569,-0.3355673483
0.015733333,-102.3775067,-0.3290537692
0.01575,-100.7314175,-0.3237630381
0.015766667,-99.3021367,-0.3191691557
0.015783333,-97.83624959,-0.314457616
0.0158,-96.08018116,-0.3088133983
0.015816667,-93.8797717,-0.3017410145
0.015833333,-91.25456761,-0.293303289
0.01585,-88.41615012,-0.2841802696
0.015866667,-85.71599442,-0.2755016405
0.015883333,-83.53195018,-0.2684818564
0.0159,-82.12605994,-0.2639631541
0.015916667,-81.52162051,-0.2620204122
0.015933333,-81.44749491,-0.2617821635
0.01595,-81.38051376,-0.2615668779
0.015966667,-80.68606619,-0.2593348389
0.015983333,-78.82175615,-0.2533427194
0.016,-75.54125053,-0.242798775
0.016016667,-71.02611157,-0.2282865688
0.016033333,-65.8883593,-0.2117732076
0.01605,-61.02377822,-0.1961378518
0.016066667,-57.34543008,-0.1843151931
0.016083333,-55.47270503,-0.1782960268
0.0161,-55.4770263,-0.1783099159
0.016116667,-56.77947723,-0.1824961517
0.016133333,-58.25621576,-0.1872425691
0.01615,-58.54406508,-0.1881677519
0.016166667,-56.47001556,-0.1815015043
0.016183333,-51.47734087,-0.16545444
0.0162,-43.90687718,-0.1411220482
0.016216667,-35.0234729,-0.1125697054
0.016233333,-26.74886776,-0.08597411719
0.01625,-21.15351589,-0.06798997514
0.016266667,-19.84279977,-0.06377717398
0.016283333,-23.41963634,-0.07527356213
0.0163,-31.19733048,-0.1002720179
0.016316667,-41.27200373,-0.1326532441
0.016333333,-50.95978432,-0.1637909503
0.01635,-57.49112392,-0.1847834708
0.016366667,-58.76887674,-0.1888903239
0.016383333,-53.96719581,-0.1734571369
0.0164,-43.78722975,-0.1407374868
0.016416667,-30.28374269,-0.09733563553
0.016433333,-16.30519224,-0.05240687273
0.01645,-4.708571387,-0.01513392162
0.016466667,2.418732449,0.00777410053
0.016483333,4.29849607,0.01381588964
0.0165,1.604526944,0.005157144921
0.016516667,-3.825604969,-0.01229596007
0.016533333,-9.60989011,-0.03088735665
0.01655,-13.5702603,-0.04361646855
0.016566667,-14.37190014,-0.04619303658
0.016583333,-11.85668936,-0.03810884295
0.0166,-6.978756914,-0.02243057426
0.016616667,-1.38313152,-0.004445553078
0.016633333,3.214999995,0.01033340135
0.01665,5.631904949,0.01810162809