Time,Voltage
0,4.50182E-17
1,-.0143889
2,-2.834078E-02
3,-4.143826E-02
4,-5.330208E-02
5,-6.360741E-02
6,-7.209716E-02
7,-7.859128E-02
8,-8.299185E-02
9,-8.528378E-02
10,-8.553087E-02
11,-8.386796E-02
12,-.0804895
13,-7.563546E-02
14,-6.957542E-02
15,-6.259201E-02
16,-5.496484E-02
17,-4.695517E-02
18,-.0387934
19,-3.066912E-02
20,-2.272436E-02
21,-1.505074E-02
22,-7.689916E-03
23,-6.3745E-04
24,6.150539E-03
25,1.274845E-02
26,1.925097E-02
27,2.576222E-02
28,.0323851
29,3.921169E-02
30,4.631539E-02
31,5.374512E-02
32,6.152207E-02
33,6.963914E-02
34,.0780626
35,.0867363
36,9.558721E-02
37,.1045326
38,.1134874
39,.1223713
40,.1311157
41,.1396688
42,.1479988
43,.1560964
44,.1639737
45,.1716622
46,.1792092
47,.1866721
48,.1941127
49,.2015917
50,.209162
51,.2168644
52,.2247239
53,.2327473
54,.2409231
55,.2492227
56,.2576035
57,.2660123
58,.2743913
59,.2826824
60,.2908333
61,.2988012
62,.3065577
63,.3140898
64,.3214019
65,.328514
66,.3354602
67,.3422847
68,.3490376
69,.3557705
70,.3625302
71,.369356
72,.3762747
73,.3832985
74,.390424
75,.3976329
76,.4048931
77,.4121628
78,.4193933
79,.4265354
80,.4335424
81,.440376
82,.4470089
83,.4534281
84,.4596362
85,.4656505
86,.4715026
87,.4772345
88,.4828951
89,.4885352
90,.4942045
91,.499944
92,.5057852
93,.5117458
94,.5178288
95,.5240216
96,.5302996
97,.536626
98,.542958
99,.5492496
100,.5554595
101,.5615506
102,.5674977
103,.5732898
104,.5789302
105,.5844366
106,.5898421
107,.5951887
108,.6005246
109,.6059017
110,.611367
111,.6169595
112,.6227068
113,.6286213
114,.6346981
115,.6409165
116,.6472406
117,.6536233
118,.6600098
119,.6663443
120,.6725741
121,.6786546
122,.6845565
123,.690266
124,.6957878
125,.7011448
126,.7063769
127,.7115356
128,.7166804
129,.7218722
130,.7271676
131,.7326121
132,.7382347
133,.7440456
134,.7500331
135,.7561646
136,.7623887
137,.7686396
138,.7748433
139,.7809265
140,.7868224
141,.7924795
142,.7978674
143,.8029817
144,.807847
145,.8125145
146,.817062
147,.8215843
148,.8261861
149,.8309727
150,.8360364
151,.8414469
152,.8472397
153,.8534081
154,.8598984
155,.8666068
156,.8733809
157,.8800272
158,.8863198
159,.8920142
160,.896862
161,.9006289
162,.9031113
163,.9041528
164,.9036576
165,.9015995
166,.8980309
167,.8930803
168,.8869492
169,.879904
170,.8722609
171,.8643681
172,.8565889
173,.8492785
174,.8427653
175,.8373321
176,.8332005
177,.830521
178,.8293652
179,.8297263
180,.831522
181,.8346045
182,.8387724
183,.843788
184,.8493932
185,.8553287
186,.8613511
187,.8672464
188,.872843
189,.8780186
190,.8827047
191,.8868847
192,.8905888
193,.8938876
194,.896879
195,.8996783
196,.9024042
197,.9051649
198,.9080533
199,.9111344
200,.9144424
201,.9179786
202,.9217138
203,.9255927
204,.9295403
205,.9334703
206,.9372949
207,.9409318
208,.9443145
209,.9473968
210,.9501566
211,.9525976
212,.9547479
213,.9566571
214,.958389
215,.9600172
216,.9616151
217,.963251
218,.9649799
219,.9668379
220,.9688418
221,.9709843
222,.9732396
223,.9755619
224,.9778916
225,.980165
226,.9823161
227,.9842846
228,.9860243
229,.9875027
230,.9887075
231,.9896477
232,.9903486
233,.9908547
234,.9912201
235,.9915059
236,.991773
237,.9920784
238,.9924652
239,.9929633
240,.9935869
241,.9943292
242,.995167
243,.9960641
244,.9969721
245,.9978378
246,.9986107
247,.9992427
248,.9996967
249,.999951
250,1
251,.999853
252,.9995384
253,.9990941
254,.9985694
255,.9980162
256,.9974873
257,.9970267
258,.9966708
259,.9964389
260,.9963371
261,.9963533
262,.9964614
263,.9966219
264,.9967876
265,.9969071
266,.9969288
267,.9968096
268,.9965141
269,.9960213
270,.9953243
271,.9944325
272,.9933678
273,.992165
274,.9908647
275,.9895129
276,.9881504
277,.9868149
278,.9855347
279,.9843218
280,.9831769
281,.9820873
282,.9810255
283,.9799551
284,.9788347
285,.977621
286,.9762721
287,.9747546
288,.973044
289,.9711309
290,.9690159
291,.9667152
292,.9642552
293,.9616703
294,.9589997
295,.9562821
296,.9535527
297,.9508381
298,.948154
299,.9455058
300,.9428842
301,.9402702
302,.9376348
303,.9349446
304,.9321653
305,.9292644
306,.9262167
307,.9230071
308,.9196317
309,.916099
310,.9124278
311,.9086455
312,.9047838
313,.9008756
314,.8969473
315,.8930176
316,.8890924
317,.8851631
318,.8812063
319,.8771878
320,.8730636
321,.8687884
322,.8643226
323,.8596388
324,.8547326
325,.8496276
326,.8443823
327,.8390912
328,.8338863
329,.8289333
330,.8244218
331,.8205568
332,.8175454
333,.815581
334,.8148271
335,.8154022
336,.8173676
337,.8207147
338,.8253613
339,.8311485
340,.8378469
341,.8451632
342,.8527569
343,.8602582
344,.8672875
345,.8734811
346,.8785101
347,.8821035
348,.8840636
349,.8842782
350,.8827282
351,.8794841
352,.8747035
353,.868616
354,.8615067
355,.8536943
356,.8455094
357,.8372704
358,.8292598
359,.821709
360,.8147814
361,.8085667
362,.803076
363,.7982488
364,.7939616
365,.7900422
366,.7862902
367,.7824939
368,.7784538
369,.7739981
370,.7690001
371,.7633879
372,.7571494
373,.7503331
374,.7430406
375,.7354175
376,.7276373
377,.7198847
378,.7123386
379,.7051532
380,.6984453
381,.6922829
382,.6866797
383,.6815922
384,.6769274
385,.6725498
386,.6682968
387,.6639922
388,.6594651
389,.6545662
390,.6491821
391,.643246
392,.6367449
393,.6297206
394,.6222661
395,.6145163
396,.6066359
397,.5988038
398,.5911945
399,.5839636
400,.5772309
401,.5710689
402,.565497
403,.5604776
404,.5559193
405,.551688
406,.5476151
407,.5435171
408,.5392115
409,.5345343
410,.5293565
411,.523596
412,.5172261
413,.5102794
414,.5028427
415,.4950524
416,.4870785
417,.4791107
418,.4713379
419,.4639319
420,.4570285
421,.4507149
422,.445019
423,.4399064
424,.4352827
425,.4310009
426,.4268741
427,.422694
428,.418249
429,.4133459
430,.407827
431,.4015873
432,.3945848
433,.3868459
434,.3784634
435,.3695898
436,.3604233
437,.3511893
438,.3421189
439,.3334273
440,.3252925
441,.3178368
442,.3111138
443,.3051017
444,.2997034
445,.2947543
446,.2900362
447,.285297
448,.2802744
449,.2747213
450,.2684291
451,.2612505
452,.2531143
453,.2440355
454,.2341163
455,.2235387
456,.2125503
457,.201442
458,.1905219
459,.1800861
460,.1703901
461,.1616227
462,.1538854
463,.1471798
464,.1414039
465,.1363575
466,.1317584
467,.1272662
468,.1225123
469,.117135
470,.1108143
471,.1033048
472,9.446315E-02
473,8.426669E-02
474,.0728218
475,6.036038E-02
476,4.722489E-02
477,3.384135E-02
478,2.068417E-02
479,8.233698E-03
480,-3.068381E-03
481,-.0128629
482,-2.091185E-02
483,-2.712799E-02
484,-.0315927
485,-3.455911E-02
486,-3.644024E-02
487,-3.778164E-02
488,-3.922048E-02
489,-4.143339E-02
490,-4.507767E-02
491,-5.072913E-02
492,-5.882318E-02
493,-6.960263E-02
494,-8.307844E-02
495,-9.900563E-02
496,-.1168787
497,-.1359464
498,-.1552474
499,-.1736632
500,-.1899862
501,-.2029984
502,-.2115552
503,-.2146673
504,-.2115758
505,-.2018154
506,-.1852579
507,-.1621358
508,-.1330417
509,-9.890369E-02
510,-6.093837E-02
511,-2.058357E-02
512,2.058357E-02
513,6.093837E-02
514,9.890369E-02
515,.1330417
516,.1621358
517,.1852579
518,.2018154
519,.2115758
520,.2146673
521,.2115552
522,.2029984
523,.1899862
524,.1736632
525,.1552474
526,.1359464
527,.1168787
528,9.900563E-02
529,8.307844E-02
530,6.960263E-02
531,5.882318E-02
532,5.072913E-02
533,4.507767E-02
534,4.143339E-02
535,3.922048E-02
536,3.778164E-02
537,3.644024E-02
538,3.455911E-02
539,.0315927
540,2.712799E-02
541,2.091185E-02
542,.0128629
543,3.068381E-03
544,-8.233698E-03
545,-2.068417E-02
546,-3.384135E-02
547,-4.722489E-02
548,-6.036038E-02
549,-.0728218
550,-8.426669E-02
551,-9.446315E-02
552,-.1033048
553,-.1108143
554,-.117135
555,-.1225123
556,-.1272662
557,-.1317584
558,-.1363575
559,-.1414039
560,-.1471798
561,-.1538854
562,-.1616227
563,-.1703901
564,-.1800861
565,-.1905219
566,-.201442
567,-.2125503
568,-.2235387
569,-.2341163
570,-.2440355
571,-.2531143
572,-.2612505
573,-.2684291
574,-.2747213
575,-.2802744
576,-.285297
577,-.2900362
578,-.2947543
579,-.2997034
580,-.3051017
581,-.3111138
582,-.3178368
583,-.3252925
584,-.3334273
585,-.3421189
586,-.3511893
587,-.3604233
588,-.3695898
589,-.3784634
590,-.3868459
591,-.3945848
592,-.4015873
593,-.407827
594,-.4133459
595,-.418249
596,-.422694
597,-.4268741
598,-.4310009
599,-.4352827
600,-.4399064
601,-.445019
602,-.4507149
603,-.4570285
604,-.4639319
605,-.4713379
606,-.4791107
607,-.4870785
608,-.4950524
609,-.5028427
610,-.5102794
611,-.5172261
612,-.523596
613,-.5293565
614,-.5345343
615,-.5392115
616,-.5435171
617,-.5476151
618,-.551688
619,-.5559193
620,-.5604776
621,-.565497
622,-.5710689
623,-.5772309
624,-.5839636
625,-.5911945
626,-.5988038
627,-.6066359
628,-.6145163
629,-.6222661
630,-.6297206
631,-.6367449
632,-.643246
633,-.6491821
634,-.6545662
635,-.6594651
636,-.6639922
637,-.6682968
638,-.6725498
639,-.6769274
640,-.6815922
641,-.6866797
642,-.6922829
643,-.6984453
644,-.7051532
645,-.7123386
646,-.7198847
647,-.7276373
648,-.7354175
649,-.7430406
650,-.7503331
651,-.7571494
652,-.7633879
653,-.7690001
654,-.7739981
655,-.7784538
656,-.7824939
657,-.7862902
658,-.7900422
659,-.7939616
660,-.7982488
661,-.803076
662,-.8085667
663,-.8147814
664,-.821709
665,-.8292598
666,-.8372704
667,-.8455094
668,-.8536943
669,-.8615067
670,-.868616
671,-.8747035
672,-.8794841
673,-.8827282
674,-.8842782
675,-.8840636
676,-.8821035
677,-.8785101
678,-.8734811
679,-.8672875
680,-.8602582
681,-.8527569
682,-.8451632
683,-.8378469
684,-.8311485
685,-.8253613
686,-.8207147
687,-.8173676
688,-.8154022
689,-.8148271
690,-.815581
691,-.8175454
692,-.8205568
693,-.8244218
694,-.8289333
695,-.8338863
696,-.8390912
697,-.8443823
698,-.8496276
699,-.8547326
700,-.8596388
701,-.8643226
702,-.8687884
703,-.8730636
704,-.8771878
705,-.8812063
706,-.8851631
707,-.8890924
708,-.8930176
709,-.8969473
710,-.9008756
711,-.9047838
712,-.9086455
713,-.9124278
714,-.916099
715,-.9196317
716,-.9230071
717,-.9262167
718,-.9292644
719,-.9321653
720,-.9349446
721,-.9376348
722,-.9402702
723,-.9428842
724,-.9455058
725,-.948154
726,-.9508381
727,-.9535527
728,-.9562821
729,-.9589997
730,-.9616703
731,-.9642552
732,-.9667152
733,-.9690159
734,-.9711309
735,-.973044
736,-.9747546
737,-.9762721
738,-.977621
739,-.9788347
740,-.9799551
741,-.9810255
742,-.9820873
743,-.9831769
744,-.9843218
745,-.9855347
746,-.9868149
747,-.9881504
748,-.9895129
749,-.9908647
750,-.992165
751,-.9933678
752,-.9944325
753,-.9953243
754,-.9960213
755,-.9965141
756,-.9968096
757,-.9969288
758,-.9969071
759,-.9967876
760,-.9966219
761,-.9964614
762,-.9963533
763,-.9963371
764,-.9964389
765,-.9966708
766,-.9970267
767,-.9974873
768,-.9980162
769,-.9985694
770,-.9990941
771,-.9995384
772,-.999853
773,-1
774,-.999951
775,-.9996967
776,-.9992427
777,-.9986107
778,-.9978378
779,-.9969721
780,-.9960641
781,-.995167
782,-.9943292
783,-.9935869
784,-.9929633
785,-.9924652
786,-.9920784
787,-.991773
788,-.9915059
789,-.9912201
790,-.9908547
791,-.9903486
792,-.9896477
793,-.9887075
794,-.9875027
795,-.9860243
796,-.9842846
797,-.9823161
798,-.980165
799,-.9778916
800,-.9755619
801,-.9732396
802,-.9709843
803,-.9688418
804,-.9668379
805,-.9649799
806,-.963251
807,-.9616151
808,-.9600172
809,-.958389
810,-.9566571
811,-.9547479
812,-.9525976
813,-.9501566
814,-.9473968
815,-.9443145
816,-.9409318
817,-.9372949
818,-.9334703
819,-.9295403
820,-.9255927
821,-.9217138
822,-.9179786
823,-.9144424
824,-.9111344
825,-.9080533
826,-.9051649
827,-.9024042
828,-.8996783
829,-.896879
830,-.8938876
831,-.8905888
832,-.8868847
833,-.8827047
834,-.8780186
835,-.872843
836,-.8672464
837,-.8613511
838,-.8553287
839,-.8493932
840,-.843788
841,-.8387724
842,-.8346045
843,-.831522
844,-.8297263
845,-.8293652
846,-.830521
847,-.8332005
848,-.8373321
849,-.8427653
850,-.8492785
851,-.8565889
852,-.8643681
853,-.8722609
854,-.879904
855,-.8869492
856,-.8930803
857,-.8980309
858,-.9015995
859,-.9036576
860,-.9041528
861,-.9031113
862,-.9006289
863,-.896862
864,-.8920142
865,-.8863198
866,-.8800272
867,-.8733809
868,-.8666068
869,-.8598984
870,-.8534081
871,-.8472397
872,-.8414469
873,-.8360364
874,-.8309727
875,-.8261861
876,-.8215843
877,-.817062
878,-.8125145
879,-.807847
880,-.8029817
881,-.7978674
882,-.7924795
883,-.7868224
884,-.7809265
885,-.7748433
886,-.7686396
887,-.7623887
888,-.7561646
889,-.7500331
890,-.7440456
891,-.7382347
892,-.7326121
893,-.7271676
894,-.7218722
895,-.7166804
896,-.7115356
897,-.7063769
898,-.7011448
899,-.6957878
900,-.690266
901,-.6845565
902,-.6786546
903,-.6725741
904,-.6663443
905,-.6600098
906,-.6536233
907,-.6472406
908,-.6409165
909,-.6346981
910,-.6286213
911,-.6227068
912,-.6169595
913,-.611367
914,-.6059017
915,-.6005246
916,-.5951887
917,-.5898421
918,-.5844366
919,-.5789302
920,-.5732898
921,-.5674977
922,-.5615506
923,-.5554595
924,-.5492496
925,-.542958
926,-.536626
927,-.5302996
928,-.5240216
929,-.5178288
930,-.5117458
931,-.5057852
932,-.499944
933,-.4942045
934,-.4885352
935,-.4828951
936,-.4772345
937,-.4715026
938,-.4656505
939,-.4596362
940,-.4534281
941,-.4470089
942,-.440376
943,-.4335424
944,-.4265354
945,-.4193933
946,-.4121628
947,-.4048931
948,-.3976329
949,-.390424
950,-.3832985
951,-.3762747
952,-.369356
953,-.3625302
954,-.3557705
955,-.3490376
956,-.3422847
957,-.3354602
958,-.328514
959,-.3214019
960,-.3140898
961,-.3065577
962,-.2988012
963,-.2908333
964,-.2826824
965,-.2743913
966,-.2660123
967,-.2576035
968,-.2492227
969,-.2409231
970,-.2327473
971,-.2247239
972,-.2168644
973,-.209162
974,-.2015917
975,-.1941127
976,-.1866721
977,-.1792092
978,-.1716622
979,-.1639737
980,-.1560964
981,-.1479988
982,-.1396688
983,-.1311157
984,-.1223713
985,-.1134874
986,-.1045326
987,-9.558721E-02
988,-.0867363
989,-.0780626
990,-6.963914E-02
991,-6.152207E-02
992,-5.374512E-02
993,-4.631539E-02
994,-3.921169E-02
995,-.0323851
996,-2.576222E-02
997,-1.925097E-02
998,-1.274845E-02
999,-6.150539E-03
1000,6.3745E-04
1001,7.689916E-03
1002,1.505074E-02
1003,2.272436E-02
1004,3.066912E-02
1005,.0387934
1006,4.695517E-02
1007,5.496484E-02
1008,6.259201E-02
1009,6.957542E-02
1010,7.563546E-02
1011,.0804895
1012,8.386796E-02
1013,8.553087E-02
1014,8.528378E-02
1015,8.299185E-02
1016,7.859128E-02
1017,7.209716E-02
1018,6.360741E-02
1019,5.330208E-02
1020,4.143826E-02
1021,2.834078E-02
1022,.0143889
1023,1.813475E-15